label,class
www,benign
mail,benign
smtp,benign
imap,benign
poptartsareverygooo,benign
webmail,benign
login,benign
auth,benign
account,benign
accounts,benign
user,benign
users,benign
profile,benign
dashboard,benign
admin,benign
portal,benign
console,benign
support,benign
help,benign
status,benign
api,benign
cdn,benign
static,benign
assets,benign
images,benign
img,benign
media,benign
video,benign
videos,benign
download,benign
uploads,benign
files,benign
docs,benign
documentation,benign
blog,benign
news,benign
forum,benign
community,benign
search,benign
query,benign
index,benign
home,benign
landing,benign
main,benign
secure,benign
private,benign
public,benign
internal,benign
external,benign
intranet,benign
vpn,benign
remote,benign
gateway,benign
proxy,benign
edge,benign
router,benign
server,benign
servers,benign
host,benign
hosts,benign
node,benign
nodes,benign
cluster,benign
service,benign
services,benign
backend,benign
frontend,benign
client,benign
clients,benign
app,benign
apps,benign
mobile,benign
desktop,benign
cloud,benign
storage,benign
backup,benign
archive,benign
data,benign
database,benign
db,benign
mysql,benign
postgres,benign
redis,benign
cache,benign
queue,benign
metrics,benign
monitor,benign
monitoring,benign
health,benign
heartbeat,benign
JZVIZGQFK6CYD5BOF25Q6NAF,obvious_tunneling
H5KLX5M5QNQD6,obvious_tunneling
AJFXWAU7,obvious_tunneling
YH6VXXIPWA,obvious_tunneling
M6IULFW2EKLBQ,obvious_tunneling
67TOSJLFDMMDHGGZZ76CCFP5V5GOPCQXR4,obvious_tunneling
YBAC3ZC6ZBW644K4YGG27G6LML4RVEF6K2GHOWRK,obvious_tunneling
6STGCRE7ZM7P472CLMMA3QKOGMDA,obvious_tunneling
NIFA5FRS6O3OKMKIJMPOIY7TRFYJUGLUSQGD4,obvious_tunneling
3GS76P43JM4BI72RS3LKWPPTJA,obvious_tunneling
5Y73W7UMKNYWU5PWHWF4N743PCGTVGKWBW6SMKY,obvious_tunneling
XFSA2JX26LUPJVIMLUIA,obvious_tunneling
WG4YPZE7ZBQWZELWTM,obvious_tunneling
7UAP3BGTPA,obvious_tunneling
QNZGHK6SJQEA,obvious_tunneling
7O5CM5TKGM,obvious_tunneling
LOGEBVH6Z4EOHJR545Y7Q55I,obvious_tunneling
M22BDFBRTWLHNTLK5BK24HHYUORUYAE6CWWA,obvious_tunneling
XBYPTZP6PJVWVQQYHA,obvious_tunneling
QMTLRLHAGJEMKUG4VK673YXZUEN4LQSTKOGW4KY,obvious_tunneling
AYK3RGJP6Y,obvious_tunneling
WYYGJKD2LCZ3EEQ,obvious_tunneling
MCYB5NFP,obvious_tunneling
V3WRQMTXDCA24VITQLJ3G2YMHP46VTPI,obvious_tunneling
FE4GWCGM6TIKX4UFLPECNAIQLO26BCYO65DIQS73,obvious_tunneling
DVLE3VESAYNMUBO7IZJTT4ONX5HKI,obvious_tunneling
NWV7DU7QSMVE6,obvious_tunneling
ZO42V3MBYOXAUZYFE6KCSSMSFXZA4GUOF4J56,obvious_tunneling
7KU7BD4AJLZLTI7R62YHZFTKE2GGW,obvious_tunneling
I3EWTQVWO5FCBQBDC3JW7ENN23M3AHEB3IHXKQY,obvious_tunneling
GSCHVM5J7H5KAAIPEQDF3H7C,obvious_tunneling
WJDUFSUDZG6ACZARI54TM5DSWQ,obvious_tunneling
TTVJSIPDLGAJY,obvious_tunneling
LFNQJ2DIXZL64ZRYKM4PS,obvious_tunneling
I7SXPBVNOWLNRWUG32MRSXCBBJ6A,obvious_tunneling
AXW7JKOIAMCTANZUP5LQC,obvious_tunneling
GFDWXEPHHPUKYP4CFLG3YPOCUT3A,obvious_tunneling
LSHVYWNSMUUTWT4NWFKZS,obvious_tunneling
A7QRB4WXYUXHEZOK5A,obvious_tunneling
QEMXWMRCM26YXZGOMYAGSL3IBBMCZANZ7Y2MG,obvious_tunneling
L7P5GCAHHVLEI3FHATMHSAUPF3MNXWYPDPPDHJQ,obvious_tunneling
RVX5EVWZ7DPY6DTQIXOQ,obvious_tunneling
D6AJYM6B,obvious_tunneling
7HBM6SZEC4IGFSMLULHW7JUFRY7CO,obvious_tunneling
UIUFKSFE5IDIA2FMMYD3AMVC3NWNCEY,obvious_tunneling
OMGHLO3IVZLJLZJ4GDLFOL66DGQMZJWP,obvious_tunneling
YWXKFNACT56CMZA,obvious_tunneling
BCDTCITLNEXLIYF6IE,obvious_tunneling
YUSFFZ2WRWUQZGRPYS5EWH67ZZYA,obvious_tunneling
RFR3AHCIPKMERSUQTXVLKAYZEPS6I,obvious_tunneling
6M7UKXSUU73OGY5EFGH6XQOE65OY3Q7E37MQ,obvious_tunneling
V3Y27GSVFSCBWYDUXZZ5A,obvious_tunneling
QGW4RZCQZKEMA5Y,obvious_tunneling
2IDZ773V2EGV7VW6UMLU3AIHTU72QN7JX4MYHAQ,obvious_tunneling
6R3TCRM5DM,obvious_tunneling
DIJUYEGLAQ3YC6FXPJ3A,obvious_tunneling
GR3BMDKB6VWQSZQO4A,obvious_tunneling
DON3RC7IKUJBF75F,obvious_tunneling
B2KIXBNEKFDO637U3CGRYPOFLA7YBILKAI,obvious_tunneling
CTWRBZO5HZKRET2ZYI2XPK76YBJO2Y635WXOA,obvious_tunneling
MBAGWMXRTI2A,obvious_tunneling
MADZHJRS2DABMS54JQLVAZ546UIVJDY,obvious_tunneling
WTD76BYJTOXQ,obvious_tunneling
2WBM5OCZU7MFQ726DNJFCCOYCM,obvious_tunneling
CIRKFQXOJ4RP4TCJ4FRZ2USHUBOVJ3EUK4AA,obvious_tunneling
V3XKF4KJ5HI4WHIVZDJKH2LBO5HPU,obvious_tunneling
45AU6EPQLC2HYSUGGDJGACNIKGNFIWGCRWFQ,obvious_tunneling
HRU22SBF2TM35WQP,obvious_tunneling
G3EF6GRYJIOV54NNAP5GQFZFDIUA,obvious_tunneling
3CREAVEEIFAB7RUTCQDK6GQKPEC67T7D3RNQ,obvious_tunneling
P4BU4FULCK5BBQQ,obvious_tunneling
SQ3FQAH4Q3Q6LINW5IKA,obvious_tunneling
BJAXIQVM77FND4P3BNBI6Z2PYHOZG2AFRM,obvious_tunneling
FTJRLSMXGGELK6Q,obvious_tunneling
CJIQBFXP,obvious_tunneling
GF5U3PM6,obvious_tunneling
QAAYWB7ESBWFJTF2KK7AF5JC32FTQALFHLIK7ZQ,obvious_tunneling
L3STLZJNCJJFB7FKNB6RJWOQPW3HV45XVWWPGBXS,obvious_tunneling
BWA2QVDRUHTNTAJ4B3OOFJIWTJWNWPQZ2QEKA,obvious_tunneling
KGXEZ7RXXUS6245FG646NOAPGO4IJ3EY,obvious_tunneling
3IMIAAPB3BOUIIRQRIMRWFN2FDSWY4BTW6XCE,obvious_tunneling
WUD5ZZT2,obvious_tunneling
MVU5O3VQMUPKESE5GBUQB43LPRJA,obvious_tunneling
RHYSOSP5ZI,obvious_tunneling
VTBLF3FNDJNQ,obvious_tunneling
2ESDDRPUS7PTNDBQTGNNSBXE,obvious_tunneling
RXKMNA5FUOT5FME7PYCMVFVQYBIADXUQATG44VY,obvious_tunneling
D6AAJLWAWS4JX7ROC2AXTEMMOMVEN7TX,obvious_tunneling
6CQZKPOJB7CA,obvious_tunneling
NA33JC6PVNTWMY32C6RUQ,obvious_tunneling
1sgo4bk5em,evasive_tunneling
2w8e5o7,evasive_tunneling
ubbtk0w0xr,evasive_tunneling
wkvrz2x1wh,evasive_tunneling
6z2pufwph0,evasive_tunneling
94ahk9g1k8,evasive_tunneling
lakzlz,evasive_tunneling
biao171yx4,evasive_tunneling
u5cgrcr,evasive_tunneling
8lfrwn05,evasive_tunneling
wohp2,evasive_tunneling
mr1l6t0,evasive_tunneling
er1ca4a695,evasive_tunneling
php9c9uqgd,evasive_tunneling
j4s4ykoo6o,evasive_tunneling
apgebp,evasive_tunneling
hgi23,evasive_tunneling
ya47wpo,evasive_tunneling
vlpbrfnrr,evasive_tunneling
tfcu34ukk,evasive_tunneling
4wcc034kj,evasive_tunneling
us5yj0,evasive_tunneling
5mmg5,evasive_tunneling
r0u1sjl,evasive_tunneling
ob51r,evasive_tunneling
8e3pq3,evasive_tunneling
uz176,evasive_tunneling
w97eo,evasive_tunneling
7teok5dgx,evasive_tunneling
5eyei,evasive_tunneling
prd3d,evasive_tunneling
xlop7xuzm,evasive_tunneling
5ct7ov,evasive_tunneling
fpb7sa0,evasive_tunneling
xcva8dgui,evasive_tunneling
5a2y3c1xe,evasive_tunneling
ob6l9de1s,evasive_tunneling
mrmvdkst,evasive_tunneling
jvixybdf2k,evasive_tunneling
o4kkc,evasive_tunneling
i264kiyu,evasive_tunneling
u0pfggsdz3,evasive_tunneling
3t7oeeem,evasive_tunneling
036czx,evasive_tunneling
yharce,evasive_tunneling
rku1k,evasive_tunneling
gxixlcgf0,evasive_tunneling
ao99sl,evasive_tunneling
i5j9i,evasive_tunneling
6924oano,evasive_tunneling
wikb2,evasive_tunneling
z0p8mm1t0,evasive_tunneling
8fw0a,evasive_tunneling
bmsv96lwz,evasive_tunneling
k17qvzgo3,evasive_tunneling
sk435trt6g,evasive_tunneling
dqq0stm,evasive_tunneling
r5ozwvaab0,evasive_tunneling
0gl309j,evasive_tunneling
ys6qxi,evasive_tunneling
pvpwp6iuo0,evasive_tunneling
m8ezyehss,evasive_tunneling
4b2uebumm,evasive_tunneling
6ve1j,evasive_tunneling
w1jo21,evasive_tunneling
2ofw3,evasive_tunneling
927lfc21de,evasive_tunneling
rdgf4x2,evasive_tunneling
gukl7hrq,evasive_tunneling
d26k74,evasive_tunneling
suhpax,evasive_tunneling
uxfuq0f7wd,evasive_tunneling
eo13i,evasive_tunneling
3ikie0,evasive_tunneling
1otveog,evasive_tunneling
2xt5hm,evasive_tunneling
1h31kfy,evasive_tunneling
q6u8ohe4v,evasive_tunneling
ks8uzlxu,evasive_tunneling
nyw2kbka,evasive_tunneling
dpp42e25b,evasive_tunneling
4ooi0da,evasive_tunneling
v97jtm,evasive_tunneling
acau6,evasive_tunneling
xodzt,evasive_tunneling
8ios5931,evasive_tunneling
2k1mlhz6c4,evasive_tunneling
50q4dowf,evasive_tunneling
fpmneos,evasive_tunneling
wmw40dstr,evasive_tunneling
